name,website
SUPREME ALLIANCE LLC,HTTP://WWW.SUPREMEALLIANCELLC.COM
"OLSON INVESTMENT ADVISORS, LLC",HTTP://WWW.OLSON-INVESTMENTS.COM
"NETWORTH ASSET MANAGEMENT, INC",HTTPS://WWW.NWAM.NET
POLLOCK PLANNING ASSOCIATES INC,HTTP://POLLOCKPLANNING.COM
"BLACK CAPITAL MANAGEMENT, LLC",HTTP://WWW.BLACKCAPITALMANAGEMENT.COM
DELPHI MANAGEMENT INC,HTTP://WWW.DELPHIVALUE.COM
OAK FINANCIAL GROUP INC,HTTP://WWW.OAKFINGROUP.COM
MCS FAMILY WEALTH ADVISORS,HTTP://WWW.MCSFAMILYWEALTH.COM
"SCHNALL ADVISORY SERVICES, INC",HTTP://WWW.SCHNALLADVISORYSERVICES.COM
CANTLON FINANCIAL PLANNING LLC,HTTP://WWW.CANTLONFINANCIAL.COM
MOLER CAPITAL MANAGEMENT,HTTP://WWW.MOLERCAPITAL.COM
"RIDGE CREEK GLOBAL, INC.",HTTP://WWW.RIDGECREEKGLOBAL.COM
ENVISION CAPITAL MANAGEMENT INC,HTTP://WWW.ENVISIONCAP.COM
DIXON FINANCIAL SERVICES,HTTP://DFSINC.COM
BERKSHIRE CAPITAL HOLDINGS INC,HTTP://WWW.BERKSHIREFUNDS.COM
OHIGGINS ASSET MANAGEMENT INC,HTTP://OHIGGINS.COM
LIPPER ADVISORY SERVICES INC,HTTP://MIKELIPPER.BLOGSPOT.COM/
VOLUMETRIC ADVISERS,HTTPS://WWW.LINKEDIN.COM/COMPANY/5371712
C.M.BIDWELL & ASSOCIATES LTD,HTTP://WWW.CMBIDWELL.COM/
ROBINSON INVESTMENT GROUP INC,HTTP://WWW.ROBINSONINVESTMENT.COM
"SILVER LAKE ADVISORY, LLC",HTTPS://WWW.SILVERLAKEADVISORY.COM
"STERLING FINANCIAL ADVISORS, LLC",HTTP://WWW.STERLINGFINANCIALWORLD.COM
"MARCHAND FARIES FINANCIAL MANAGEMENT, INC.",HTTP://WWW.MFFM.COM
SHOKER INVESTMENTS,https://marketspectator.tumblr.com/
ROCHESTER FINANCIAL SERVICES,HTTP://WWW.ROCHESTERFINANCIAL.COM
"WHITE LIGHTHOUSE INVESTMENT MANAGEMENT, INC.",HTTPS://WWW.WHITE-LIGHTHOUSE.COM
"EAGLE HARBOR ASSET MANAGEMENT, INC.",HTTP://EHAMINC.COM/
"FEE-ONLY FINANCIAL PLANNING, L.C.",http://feeonlyfamily.com
SAGE CAPITAL MANAGEMENT LLC,HTTPS://WWW.SAGENY.COM
VALLEY VIEW CONSULTING LLC,HTTPS://WWW.VALLEYVIEWCONSULTINGLLC.COM
TOWER VIEW WEALTH MANAGEMENT LLC,HTTP://WWW.TOWER-VIEW.COM
"FINANCIAL GUIDANCE GROUP, INC.",HTTP://WWW.INSTAGRAM.COM/FGG.INC
GOODPASTURE GRAY,HTTPS://WWW.LINKEDIN.COM/COMPANY/GOODPASTURE-GRAY
"INSTITUTIONAL CAPITAL MANAGEMENT, INC.",HTTP://WWW.THINKICM.COM
"FELDSTEIN, STEVEN DBA STEVEN FELDSTEIN & ASSOCIATES",HTTP://FINANCIAL-ADVISOR.COM
"HOFFMAN, ALAN N. INVESTMENT MANAGEMENT",HTTP://WWW.ANHINVEST.COM
STEGINSKY CAPITAL LLC,HTTP://WWW.STEGINSKY.COM
MOIRAI WEALTH MANAGEMENT LLC,HTTP://WWW.MOIRAI.COM
"LOWERY THOMAS, LLC",HTTP://WWW.LOWERYTHOMAS.COM
"HORIZON CAPITAL MANAGEMENT, INC.",HTTPS://WWW.LIONX.NET
LANDER & ASSOCIATES INC,https://WWW.LANDERASSOC.COM
BENIN MANAGEMENT CORP,HTTP://WWW.BENINMANAGEMENT.COM
K R FINANCIAL LLC,HTTP://WWW.SHAREDFAMILYOFFICE.COM
CLEARPATH CAPITAL PARTNERS LLC,http://www.clearpathcapital.com
"STUART CHAUSSÉE & ASSOCIATES, INC.",https://www.preservingwealth.com
"INTEGRATED BENEFITS, INCORPORATED",https://www.linkedin.com/in/sarah-stachnik-762a961a3
"SCHULMERICH & ASSOCIATES ASSET MANAGEMENT, LLC",HTTP://WWW.SCHULMERICHANDASSOC.COM
"THE STEWARDSHIP CENTER, INC.",HTTP://THESTEWARDSHIPCENTER.COM
"PARKER INVESTMENT MANAGEMENT, LLC",HTTP://WWW.PARKERINVEST.COM
BERLA INVESTMENT CONSULTING,HTTP://WWW.BERLAINV.COM
NATURAL INVESTMENTS,HTTP://WWW.NATURALINVESTMENTS.COM
"ASTORIA STRATEGIC WEALTH, INC.",https://www.facebook.com/people/Astoria-Strategic-Wealth/100093053285932/
STOCK MANAGEMENT LLC,HTTP://WWW.BENHEEB.COM
HFH PLANNING INC.,HTTP://FINSECURITY.COM/FINSECURITY/INDEX.HTML?GMPNYNY
"STRATEGIC WEALTH ADVISORS, LLC",HTTPS://WWW.FACEBOOK.COM/STRATEGIC-WEALTH-ADVISORS-325146034195818/
ADDINGTON FINANCIAL GROUP LLC,HTTP://WWW.ADDINGTONFG.COM
"MCBRIDE FINANCIAL ADVISORS, LLC",HTTP://WWW.MCBRIDEFINANCIALADVISORS.COM
"FINANCIAL COUNSELING ASSOCIATES, INC",HTTP://WWW.FCA-INC.COM
"STEWARDSHIP PARTNERS INVESTMENT COUNSEL, INC.",HTTP://WWW.STEWARDSHIPPARTNERS.COM
"KURTIN FINANCIAL ADVISERS, LLC",HTTP://KURTINFINANCIAL.COM
"PARK STREET CAPITAL ADVISERS, L.L.C.",HTTPS://WWW.PARKSTREETCAPITAL.COM
"HENDERSHOT INVESTMENTS, INC.",HTTP://HENDERSHOTINVESTMENTS.COM
"HFM INVESTMENT ADVISORS, INC.",https://www.linkedin.com/in/stephenhydede/
3RD CREEK INVESTMENTS,HTTP://3RDCREEK.COM/
"TRANSITION FINANCIAL ADVISORS GROUP, INC.",HTTP://WWW.TRANSITIONFINANCIAL.CA
GILBERT CAPITAL GROUP,HTTPS://WWW.FACEBOOK.COM/BEATRICE.GILBERT
"GENEREUX INVESTMENT MANAGEMENT, INC.",HTTP://WWW.GENEREUX.NET
TURLOFF FINANCIAL CONSULTING INC.,HTTP://WWW.TURLOFF.COM
"MILLENNIUM INVESTMENT AND RETIREMENT ADVISORS, LLC",HTTPS://WWW.MIRACENTER.COM
"COPLEY INVESTMENT MANAGEMENT, LLC",HTTP://WWW.COPLEYINVESTMENTMANAGEMENT.COM
BRUCE COLIN AND COMPANY,HTTP://WWW.COLINWM.COM
"LEGAL ADVANTAGE INVESTMENTS, INC.",HTTP://WWW.LEGALADVANTAGEINVESTMENTS.COM
KNICKERBOCKER ADVISORS INC.,HTTP://WWW.KNICK.COM
"FINANCIAL CONCEPTS UNLIMITED, INC.",HTTP://WWW.FCUINC.COM
"PLATT INVESTMENT COUNSEL, LLC",https://www.plattinvestment.com/
KELLEY INVESTMENTS,HTTP://WWW.KELLEYINVESTMENTS.COM
SIMPLYRICH,HTTP://WWW.SIMPLYRICH.COM
LYNX CAPITAL GROUP LTD,HTTP://WWW.LYNXCAP.COM/
"SENSIBLE PORTFOLIOS, LLC",HTTP://WWW.SENSIBLEPORTFOLIOS.COM
COMPREHENSIVE MONEY MANAGEMENT SERVICES LLC,HTTP://WWW.COMPREHENSIVEMONEY.COM
FIRST AND MAIN FINANCIAL,http://www.wolfersam.com/
"AZNAR FINANCIAL ADVISORS, LLC",HTTP://WWW.AZNARADVISORS.COM
ABEL FINANCIAL MANAGEMENT CO.,https://www.facebook.com/AbelFinancialManagementCo
RK ASSET MANAGEMENT,HTTP://WWW.RKAM.COM
ALTRUIST FINANCIAL ADVISORS LLC,HTTP://WWW.ALTRUISTFA.COM
JDM FINANCIAL GROUP LLC,HTTP://WWW.JDMFINANCE.COM
"SCOTT MARSH FINANCIAL, LLC",HTTPS://WWW.FACEBOOK.COM/SCOTTMARSHINSIGHTS/?RF=441771026010517
"PROXYVOTE PLUS, LLC",HTTP://WWW.PROXYVOTEPLUS.COM
"PATRICK MAURO INVESTMENT ADVISOR, INC.",HTTP://MAUROINVESTOR.COM
"POLARIS FINANCIAL PLANNING, LLC.",HTTP://POLARISFINANCIALPLANNING.COM/
DOVER INVESTMENT ADVISORY CORPORATION,HTTP://DOVERINVESTMENTADVISORY.COM
"WISE PLANNING, INC.",HTTPS://WWW.WISEPLANNING.COM/
KALTBAUM CAPITAL MANAGEMENT,HTTP://GARYKALTBAUM.COM
"NORTHSTAR FINANCIAL ADVISORS, INC.",HTTP://NFAI.COM
"PURKISS CAPITAL ADVISORS, LLC",http://www.pcapadvisors.com
"COMPLETE FINANCIAL PLANNING,INC.",HTTP://WWW.THECOMPLETEFINANCIALPLAN.COM
PRINCIPIUM INVESTMENTS LLC,HTTP://WWW.PRINCIPIUM.CO
"D & G ADVISORY GROUP, L.L.C.",HTTP://DGADVISORY.COM
CIOVACCO CAPITAL MANAGEMENT,HTTPS://WWW.CCMMARKETMODEL.COM/
"GENESIS ASSET MANAGEMENT GROUP, INC.",HTTP://WWW.GENESISASSETMGMT.COM
"TAM FINANCIAL ADVISORS, LLC",http://twitter.com/@tamfinancial
GRANT KOEHLER & LEVIN LTD.,HTTP://WWW.DOLLARSATWORK.COM
"WEINSTAT WEALTH MANAGEMENT, INC.",HTTP://WWW.WEINSTATWEALTHMANAGEMENT.COM
"WERLINICH ASSET MANAGEMENT, L.L.C.",HTTP://WWW.WAMINVEST.COM
"MCLAUGHLIN ASSET MANAGEMENT, INC.",HTTPS://LINKEDIN.COM/IN/RYAN-MCLAUGHLIN-1B892A11
PACIFICA CAPITAL INVESTMENTS,HTTP://WWW.PACIFICACAPITAL.NET
WEALTH CARE LLC,HTTP://WWW.WEALTHCARELLC.COM
"LETSON INVESTMENT MANAGEMENT, INC.",HTTP://WWW.LETSONINVEST.COM
SENIOR FINANCIAL AND REALTY ASSOC.,HTTPS://WWW.INSTAGRAM.COM/SENIORFINANCIAL/
CARDIFF PARK ADVISORS,HTTPS://TWITTER.COM/CARDIFFPARK
PUBLIC EQUITY PARTNERS,HTTP://WWW.PEPLLC.ORG
"CRAIG DUVARNEY, CFP",HTTP://WWW.CRAIGDUVARNEY.COM
"GERSTEMEIER FINANCIAL GROUP,LLC",HTTP://WWW.G-FG.COM
BRADYCO FINANCIAL,https://www.bradycofinancial.com/
FAMILY CFO INC,HTTP://WWW.FAMILYCFOINC.COM
"BRANDYWINE FINANCIAL GROUP, INC.",HTTP://WWW.BRANDYWINEFINANCIALGROUP.COM
MARKIZ WEALTH MANAGEMENT,HTTP://WWW.MARKIZWEALTH.COM
"RAHLFS CAPITAL, LLC",HTTP://WWW.RAHLFSCAPITAL.COM
"MORRISON FIDUCIARY ADVISORS,  INC.",https://www.linkedin.com/company/morrison-fiduciary-advisors-inc./
FRANK CAPITAL PARTNERS LLC,https://www.youtube.com/channel/UCPksi66ea9BHpXuCl4Sspeg
INDFIN LLC,HTTP://WWW.INDFINLLC.COM
"WEALTHPRO, LLC",HTTPS://WWW.FACEBOOK.COM/WEALTHPROLLC/
"COMPASS PLANNING ASSOCIATES, INC.",HTTP://JENNIFERSCOMPASS.TYPEPAD.COM
"THE LAM GROUP, INC.",https://www.thelamgroup.com/
"TWENTY TWENTY INVESTMENT ADVISORS, LLC",https://www.linkedin.com/company/twenty-twenty-investment-advisors/about/
LTG CAPITAL LLC,HTTP://WWW.LTGCAPITAL.COM/
REXFORD CAPITAL,HTTP://REXFORDCAPITAL.COM/
"RUNNYMEDE CAPITAL ADVISORS, INC.",HTTP://RUNCAPADV.COM
APPLIED CAPITAL,HTTP://WWW.APPLIEDCAPITALLLC.COM
"PINE HAVEN INVESTMENT COUNSEL, INC.",https://pinehaveninv.com/
VEGA CAPITAL GROUP LLC,HTTP://WWW.VEGACAPITAL.COM
"INVESTMENT INSIGHT WEALTH MANAGEMENT, LLC",HTTP://WWW.FACEBOOK.COM/INVESTMENT-INSIGHT-WEALTH-MANAGEMENT-LLC-149030495187012
"RIVERSTONE ADVISORS, LLC",https://www.linkedin.com/company/riverstone-advisors-llc/about/
MACROCLIMATE LLC,HTTP://MACROCLIMATE.COM
SIERRA FINANCIAL ADVISORY,HTTPS://WWW.SIERRAFINANCIALADVISORY.COM
"SNOW FINANCIAL MANAGEMENT, LLC",HTTP://WWW.SNOWFINANCIALMANAGEMENT.COM
"THE RIKOON GROUP, LLC",HTTPS://WWW.RIKOONGROUP.COM
GUNN WEALTH MANAGEMENT LLC,HTTP://WWW.GUNNWEALTHMANAGEMENT.COM
"PAULO FINANCIAL ADVISORS, LLC",HTTPS://WWW.FACEBOOK.COM/PAULOFINANCIALADVISORS
"INVERLOCHY CAPITAL, INC.",HTTP://WWW.INVERLOCHYCAPITAL.COM
"GOLD MEDAL WATERS, INC.",https://twitter.com/goldmedalwaters
"IKE CAPITAL, LLC",HTTP://WWW.IKECAPITAL.COM
FRISCO FINANCIAL PLANNING,HTTP://WWW.FRISCOFINANCIALPLANNING.COM
"WELLSPRING CAPITAL ADVISORS, LLC",HTTP://WWW.WELLSPRINGCAP.COM
"FORTE ASSET MANAGEMENT, LLC",HTTP://WWW.FORTEASSETS.COM
METIS CAPITAL MANAGEMENT LLC,HTTP://WWW.METISCM.COM
BRADFORD FINANCIAL SERVICES CORP,HTTP://WWW.BRADFORDFINANCIALSERVICES.COM
OFC WEALTH MANAGEMENT,https://www.facebook.com/ofcwealthmanagement/
BALL & COMPANY,http://www.BallandCompany.com
PROSPECT FINANCIAL GROUP LLC,HTTP://WWW.PROSPECT-GROUP.COM
"UNITED WEALTH MANAGEMENT, LLC",HTTPS://WWW.UNITEDWEALTHMANAGEMENT.COM
"WILSON & BOUCHER CAPITAL MANAGEMENT, LLC",HTTP://WWW.WILSONBOUCHER.COM
"PROSPECT HILL MANAGEMENT, LLC",HTTPS://WWW.PROSPECTHILL.NET
BENOLD FINANCIAL PLANNING,https://www.benoldfp.com
OLD FIELD ADVISORS LLC,HTTPS://OLDFIELDADVISORS.COM/
BEANTOWN FINANCIAL ADVISORS LLC,HTTP://WWW.BEANTOWNFINANCIAL.COM
"MZ CAPITAL, LLC",https://www.linkedin.com/company/2257474/
"HAWKINS INVESTMENT COUNSEL, LLC",HTTP://WWW.HAWKINSCOUNSEL.COM
"CAPITAL MARKETS IQ, LLC",https://www.facebook.com/capitalmarketsiq/
"CEERA INVESTMENTS, LLC",HTTP://WWW.CEERA.COM
"SERVANT FINANCIAL, LTD.",HTTP://WWW.SERVANTFINANCIAL.COM
"EVANSON ASSET MANAGEMENT, LLC",HTTP://WWW.EVANSONASSET.COM
"GLADWYN FINANCIAL ADVISORS, INC.",HTTPS://WWW.GLADWYNFINANCIAL.COM
"RYAN ALM ADVISERS, LLC",HTTP://WWW.RYANALM.COM
MERION CAPITAL LLC,https://www.zhangfinancial.com/merion-capital
"PACIFICA WEALTH ADVISORS, INC.",https://www.linkedin.com/in/robertpagliarini/
"SCOTT CONYERS CAPITAL MANAGEMENT, INC.",HTTP://CONYERSCAPITALMANAGEMENT.COM
"HARVEST INVESTMENT ADVISORS, LLC",HTTP://WWW.HARVESTINVESTMENTADVISORS.COM
CURTIS FINANCIAL PLANNING,HTTP://WWW.CURTISFINANCIALPLANNING.COM
"MJC ADVISORS, LLC",HTTP://WWW.MJCADVISORSLLC.COM
RAFFA INVESTMENT ADVISERS,https://www.linkedin.com/groups/12547371/
"BENNETT SELBY INVESTMENTS, L.P.",HTTP://WWW.BENNETTSELBY.COM
RBP INVESTMENT ADVISORS INC.,https://www.rbpia.com
"ACKERMAN ASSET MANAGEMENT, LLC",HTTP://WWW.ACKERMANASSET.COM
JRM INVESTMENT COUNSEL.,HTTPS://WWW.JRMINVESTMENTCOUNSEL.COM
"MITCHELL, MCLEOD, PUGH & WILLIAMS, INC.",HTTP://MMPW.COM
DTS GROUP LLC,HTTP://DTSCAPITAL.COM
CONSERVATIVE WEALTH MANAGEMENT LLC,HTTPS://WWW.PHILDEMUTH.COM
"WATERSTONE WEALTH ADVISORS, LLC",https://www.x.com/waterstonewlth
"LONGVIEW WEALTH MANAGEMENT, LLC",HTTPS://WWW.LONGVIEWWEALTH.COM
"GLASGOW PARTNERS, LLC",HTTP://WWW.GLASGOWPARTNERS.COM
"ALPHA WEALTH STRATEGIES, LLC",HTTPS://WWW.ALPHAWEALTHSTRATEGIES.COM
"ALPENGLOBAL CAPITAL, LLC",HTTP://WWW.ALPENGLOBALCAPITAL.COM
"BILL LOSEY RETIREMENT SOLUTIONS, LLC",HTTP://WWW.BILLLOSEY.COM
"CASTLETON PARTNERS, LLC",https://www.castletonpartners.com
TWEDDELL GOLDBERG INVESTMENT MANAGEMENT,HTTP://WWW.TGINVESTING.COM
"BARDEN CAPITAL MANAGEMENT, INC.",HTTPS://WWW.LINKEDIN.COM/COMPANY/BARDEN-CAPITAL-MANAGEMENT/
MARKOWSKI INVESTMENTS,http://www.truthofinvesting.com
"V2 FINANCIAL GROUP, LLC",HTTP://WWW.V2FINANCIALGROUP.COM/
HONU WEALTH MANAGEMENT,http://Facebook.com/Honuwealth/
"MOSAIC WEALTH MANAGEMENT, L.L.C.",HTTPS://WWW.MOSAICW.COM
"PEACHTREE INVESTMENT PARTNERS, LLC",HTTP://WWW.PEACHTREEINVESTMENTPARTNERS.COM
"AMIDON & PETERSEN FINANCIALS, LLC",HTTP://PETERSENWEALTHMANAGEMENT.COM
GLOBAL AUTOTRADING,HTTPS://WWW.GLOBAL-AUTOTRADING.COM
"WALL STREET INVESTMENT MANAGEMENT, LLC",HTTP://WWW.WALLSTIM.COM
WORTHPOINTE,HTTPS://WWW.INSTAGRAM.COM/WORTHPOINTE/?HL=EN
"HERITAGE ASSET ADVISORS LTD., LLP",HTTP://WWW.HERITAGEASSETADVISORS.COM
SCHNEIDER WEALTH MANAGEMENT,https://www.linkedin.com/in/meredith-schneider-cfp%C2%AE-8785698/
"ELITE CAPITAL MANAGEMENT GROUP, LLC",HTTP://WWW.ELITECAPGROUP.COM
ARGOS WEALTH ADVISORS LLC,HTTP://WWW.ARGOSWEALTH.COM
"APOLLO WEALTH MANAGEMENT, LLC",HTTP://WWW.APOLLOWM.COM
"HARBOR ASSET PLANNING, INC.",HTTP://HARBORASSETPLANNING.COM
"ABRIDGE PARTNERS, LLC",https://www.abridgepartners.com/
"FINANCIAL INSTITUTION SERVICES, LLC",HTTP://WWW.ADVICEMAN.NET
"CYPRESS ASSET MANAGEMENT, INC.",HTTP://WWW.BETTERWAYWEALTH.COM
KINGSBURY CAPITAL INVESTMENT ADVISORS LLC,https://co.linkedin.com/company/kcia
"RED LIGHTHOUSE INVESTMENT MANAGEMENT, LLC",http://www.redlighthouseinvestment.com/
KLEINHENZ & ASSOCIATES LTD.,https://www.kleinhenzwealth.com
"BLOCK WEALTH MANAGEMENT, INC",https://www.linkedin.com/in/kirk-block-cpa-pfs-cfp®-aifa®-9988a511
NOBLEBRIDGE WEALTH,https://twitter.com/noblebridgeWM
FIDUCIARY EXPERTS LLC,HTTP://WWW.401KFE.COM
"ATLANTIC CAPITAL STRATEGIES, INC.",HTTPS://WWW.ATLANTICCAPITALSTRATEGIES.COM
ARCHER INVESTMENT MANAGEMENT,HTTP://WWW.ARCHERIM.COM
INVESTMENTHUNTER WEALTH SERVICES,HTTP://WWW.INVESTMENTHUNTER.NET
UDINE WEALTH MANAGEMENT INC.,HTTP://WWW.UDINEWEALTH.COM
KJ CAPITAL MANAGEMENT LLC,HTTP://KJCAPITALMANAGEMENT.COM
"GROSS DOMESTIC PRODUCT, INC",https://www.facebook.com/pages/category/Community/Gross-Domestic-Product-10378424309728
INTEGRAL FINANCIAL PLANNING LLC,HTTP://WWW.INTEGRALFP.COM
HORIZON WEALTH ADVISORS,HTTP://WWW.HORIZONWEALTHADVISORS.COM
"SULLIVAN INVESTMENTS GROUP, LLC",https://www.sullivaninvestments.com
"ARBUS CAPITAL MANAGEMENT, LLC",HTTP://WWW.ARBUSCM.COM
"GUIDANCE POINT ADVISORS, LLC",HTTPS://WWW.FACEBOOK.COM/GUIDANCEPOINTADVISORS/
"STRATEGIC FINANCIAL PARTNERS, LTD",HTTPS://WWW.ADVISORYFIRM.COM
CAMBRIDGE RETIREMENT PARTNERS,HTTPS://WWW.FACEBOOK.COM/CAMBRIDGE-WEALTH-ADVISORS-LLC
WATTS CAPITAL PARTNERS LLC,https://www.facebook.com/search/top/?q=wattscapital.com
"RJ20, INC.",HTTP://WWW.RJ20.COM
"AETHER INVESTMENT PARTNERS, LLC",HTTPS://AETHERIP.SHARESECURELY.COM
ESM MANAGEMENT LLC,HTTP://WWW.ESMINVESTORS.COM
EFFICIENT ADVISORS,HTTP://WWW.EFFICIENTADVISORS.COM
ZEIT CAPITAL ADVISORS,HTTP://WWW.ZEITCAPITAL.COM/
"BLOSSOM WEALTH MANAGEMENT, LLC",HTTPS://WWW.FACEBOOK.COM/BLOSSOMWEALTHMANAGEMENTLLC/
"KENTER CANYON CAPITAL, LLC",https://www.linkedin.com/company/kenter-canyon-capital-llc/
"ARTIENCE CAPITAL MANAGEMENT, LLC",HTTPS://ARTIENCECAPITAL.COM
"MAIN LINE GROUP WEALTH MANAGEMENT, LLC",HTTP://WWW.MLGWM.COM
"LATITUDE ADVISORS, LLC",HTTP://WWW.LATITUDEFINANCIAL.NET/
BLACK CYPRESS CAPITAL,HTTPS://BLACKCYPRESSCAPITAL.COM
BAFFIN ADVISORS LLC,HTTP://BAFFINADVISORS.COM/
ADASINA SOCIAL CAPITAL,HTTPS://TWITTER.COM/_adasina
CARLISLE TAX CREDIT ADVISORS,HTTP://WWW.CARLISLETAXCREDITS.COM
"SL ADVISORS, LLC",HTTP://WWW.AMERICANENERGYINDICES.COM/
PHYSICIAN WEALTH SOLUTIONS,https://www.linkedin.com/in/setu-mazumdar-md-cfp%C2%AE-544b8417/
BAER INVESTMENT ADVISORY LLC,https://www.linkedin.com/in/robb-baer-b21a595/
"BIRCH CAPITAL MANAGEMENT, LLC",https://www.linkedin.com/company/birch-capital-management
"METANOIA FINANCIAL, LLC",HTTPS://WWW.FACEBOOK.COM/METANOIA-FINANCIAL-270394698939/
"EXPAND FINANCIAL, LLC",https://www.expandfinancial.com
COTE FINANCIAL MANAGEMENT,HTTPS://COTEFINANCIALSERVICES.COM
TOLLEFSON AND COMPANY INVESTMENT MANAGEMENT LLC,HTTP://WWW.TOLLEFSONCOMPANY.COM
"PROMONTORY FINANCIAL PLANNING, LLC",HTTP://WWW.PROMONTORYFP.COM
"FINSYM PARTNERS, LLC",HTTP://WWW.FINSYMLLC.COM
DERASTONE,HTTPS://WEALTHHABITS.COM/
COURANT INVESTMENT MANAGEMENT LLC,https://www.courantinvestment.com/
"GRAVITY CAPITAL PARTNERS, LLC",https://portfoliothinktank.com
"PATHWAYS WEALTH MANAGEMENT, INC.",HTTP://WWW.PATHWAYSWM.COM
INTEGRITY INVESTMENT ADVISORS,https://www.linkedin.com/in/toddmoerman/
FMSA,HTTP://WWW.MYFMSA.COM
"MERIDIAN ASSET MANAGEMENT, LLC",http://www.meridianportfolio.com
KAGAN COCOZZA ASSET MANAGEMENT,https://www.kagancocozza.com/
"SOUTHLAND EQUITY PARTNERS, LLC.",HTTP://WWW.GRPWEALTHSTRATEGIES.COM
"OCEAN ENDOWMENT PARTNERS, LLC",HTTP://WWW.OCEANENDOWMENT.COM
"MORIN PRIVATE CLIENT GROUP, LLC",HTTPS://WWW.LINKEDIN.COM/IN/BOB-MORIN-12313940/
"SANTIAGO CAPITAL, LLC",HTTPS://TWITTER.COM/SANTIAGOAUFUND
MOUNTAIN LAKE INVESTMENT MANAGEMENT LLC,HTTP://WWW.MOUNTAINLAKEINVEST.COM
"A J FELDMAN FINANCIAL, LLC",HTTPS://WWW.AJFELDMANFINANCIAL.COM
SANKALA GROUP LLC,HTTPS://WWW.LINKEDIN.COM/IN/THOMASMDENKENBERGER/
TAM CAPITAL MANAGEMENT INC,HTTPS://TWITTER.COM/CAPITALOBSERVER
"PROCESSUS WEALTH & CAPITAL MANAGEMENT, LLC",https://www.facebook.com/Processus-Wealth-Capital-Management-LLC-366969680100679/
"NIERENBERG INVESTMENT MANAGEMENT COMPANY, INC.",https://www.d3familyfunds.com/
LONGBOARD ASSET MANAGEMENT,HTTPS://TWITTER.COM/LONGBOARDFUNDS
LARSON FINANCIAL PLANNING INC.,HTTP://WWW.LARSONFP.COM
CAPSTONE ASSET MANAGEMENT,HTTP://WWW.CAPSTONE-AM.COM/
INKWELL CAPITAL,HTTP://WWW.INKWELLCAPITAL.COM
"LEWINTER WEALTH ADVISORS, LLC",HTTP://WWW.LEWINTERWEALTHADVISORS.COM
"QUANTUM CAPITAL INVESTMENTS, INC.",HTTP://WWW.QUANTUMCAPITALINVESTMENTS.COM
"CACTI ASSET MANAGEMENT, LLC",HTTPS://WWW.CACTIPARTNERS.COM
"ICOM ADVISORS, LLC",https://icom.hostedbybread.com/
"ALETHEA CAPITAL MANAGEMENT, LLC",https://twitter.com/aletheacapital
RAMSEY HILL ASSET MANAGEMENT LLC,https://www.linkedin.com/in/paula-schad-5aba616/
ALTERNA CAPITAL PARTNERS LLC,HTTPS://WWW.ALTERNACAPITAL.COM
TOMPKINS & CO.,HTTPS://WWW.LINKEDIN.COM/IN/JAMES-B-TOMPKINS-CFA-29930715/
VERICIMETRY ADVISORS LLC,HTTP://WWW.VERICIMETRY.COM
"PECK WEALTH MANAGEMENT, LLC",HTTP://WWW.PECKWEALTH.COM
POWERHOUSE ASSETS LLC,https://www.linkedin.com/company/powerhouse-assets-llc
FARLEY CAPITAL,HTTPS://WWW.DISPATCHESFROMINDIA.COM/
FLYING POINT ASSET MANAGEMENT LLC,HTTPS://WWW.FLYINGPOINTAM.COM
"SEASON INVESTMENTS, LLC",HTTP://WWW.SEASONINVESTMENTS.COM
"PALADIN REALTY PARTNERS, LLC",HTTP://WWW.PALADINRP.COM
T&T CAPITAL MANAGEMENT,http://ttvaluetalk.com/
"JACKSON AVENUE, LLC",HTTP://WWW.JACKSONAVENUE.COM
"DEL-SETTE CAPITAL MANAGEMENT, LLC",HTTPS://WWW.FACEBOOK.COM/DELSETTECAPITALMANAGEMENT/
"SEABORN FINANCIAL, LLC",HTTPS://WWW.SEABORNFINANCIAL.CO/
FIFTH SET PRIVATE WEALTH MANAGEMENT LLC,https://www.linkedin.com/company/fifth-set-private-wealth-management-llc/
"NICH CAPITAL PARTNERS, INC.",HTTP://NICHCAPITALPARTNERS.COM/
INVESTOR FAN,HTTPS://FACEBOOK.COM.SHERPAWEALTHSTRATEGIES
TRINITY VENTURES,HTTP://TRINITYVENTURES.COM
"PEAVINE CAPITAL, LLC",HTTP://WWW.PEAVINECAPITAL.COM
"LYNCH ASSET MANAGEMENT, INC.",http://lynchassetmanagement.com
"PASKIN & BERLER CAPITAL ADVISORS, LLC",HTTPS://WWW.PASKINBERLER.COM/
DISCIPLINED PORTFOLIO SOLUTIONS LLC,HTTPS://WWW.DPSINVESTING.COM
M GROUP,http://401kfringes.com
"EASTSOUND CAPITAL ADVISORS, LLC",HTTP://www.twitter.com/capadvisors360
"""THE PILOT'S ADVISOR,"" LLC",http://www.retirepilots.com
"3 FACTOR INDEXING, LLC",HTTP://WWW.3FACTORINDEXING.COM
AMH EQUITY LTD,https://www.leviticuspartners.com
"JW ASSET MANAGEMENT, LLC",http://www.jwfunds.com
"SUMMER STREET CAPITAL PARTNERS, LLC",HTTP://WWW.SUMMERSTREETCAPITAL.COM
"RETIREMENT PLAN FIDUCIARIES, LLC",http://www.rpftx.com
CONSTELLATION CAPITAL MANAGEMENT LLC,HTTP://WWW.CONSTELLATIONCAPITAL.COM
"HAMMOND, KENNEDY, WHITNEY & COMPANY, INC.",https://www.linkedin.com/company/hkwinc
"HIGH ROAD CAPITAL PARTNERS, LLC",HTTPS://WWW.HIGHROADCAP.COM
SAINTS CAPITAL,HTTPS://WWW.LINKEDIN.COM/COMPANY/SAINTS-CAPITAL/
GREENLEA LANE CAPITAL MANAGEMENT LLC,HTTP://WWW.GREENLEALANE.COM
CORE CAPITAL PARTNERS,HTTP://WWW.CORE-CAPITAL.COM
"RATIONAL INVESTMENT MANAGEMENT, LLC",HTTPS://WWW.RATIONALIM.COM
TRIMARC WEALTH MANAGEMENT LLC,HTTP://WWW.TRIMARCWM.COM
"COLCHIS CAPITAL MANAGEMENT, L.P.",HTTPS://WWW.COLCHISCAPITAL.COM
PRAKASH INVESTMENT ADVISORS LLC,https://www.linkedin.com/company/prakash-investment-advisors-llc
"MALTIN WEALTH MANAGEMENT, INC.",HTTP://WWW.MALTINWEALTH.COM/
"NUTS2INVEST.COM, LLC",HTTPS://WWW.NUTS2INVEST.COM
"UP CAPITAL MANAGEMENT, INC.",HTTPS://WWW.INSTAGRAM.COM/UPCAPITALMGMT/?HL=EN
"DONALIES FINANCIAL PLANNING, LLC",HTTP://WWW.DONALIESFP.COM
"ORCAM FINANCIAL GROUP, LLC",HTTP://ORCAMGROUP.COM
"TUTTLE CAPITAL MANAGEMENT, LLC",https://tuttlecap.com/
"KASSIRA WEALTH MANAGEMENT, LLC",HTTP://WWW.KASSIRA.COM
"OAK GROVE CAPITAL, LLC",HTTPS://WWW.FACEBOOK.COM/PAGES/OAK-GROVE-CAPITAL/946452205398634
"STRATEGIC WEALTH INVESTMENT GROUP, LLC",https://www.youtube/strategicwealthdesigners
CENDANA CAPITAL,HTTPS://WWW.LINKEDIN.COM/COMPANY/CENDANA-CAPITAL/
"GREENWICH ADVISORS, LLC",http://www.greenwichadvisors.com
"LAKE TAHOE WEALTH MANAGEMENT, INC.",https://www.laketahoewealthmanagement.org/
"PATRIOT ASSET MANAGEMENT, INC.",HTTPS://WWW.PATRIOTASSET.COM
BLUEPRINT WEALTH MANAGEMENT,HTTP://WWW.BLUEPRINTYOURWEALTH.COM
"PLANVISION, LLC",HTTP://WWW.PLANVISIONMN.COM
J. MANDWELLE CAPITAL MANAGEMENT,HTTPS://WWW.FACEBOOK.COM/JMANDWELLECAPITALMANAGEMENT/
"CARDINAL RETIREMENT PLANNING, INC.",HTTP://WWW.CARDINALRETIREMENTNC.COM/
"TOTAL WEALTH PLANNING AND MANAGEMENT, INC.",https://www.linkedin.com/in/nancy-j-overton-b685653/
GOLDEN BAY ADVISORS LLC,HTTP://WWW.GOLDENBAYADVISORS.COM
"INVESTABLE WEALTH, LLC",HTTPS://WWW.FACEBOOK.COM/WEALTHSTEADING/
"CHAPMAN INVESTMENT MANAGEMENT, LLC",https://www.linkedin.com/in/scott-chapman-29442536/
STEADY RETURNS,https://www.linkedin.com/company/steady-returns-llc/about/
INDELIBLE WEALTH GROUP,HTTP://INDELIBLEWEALTH.COM/
MYECFO,HTTPS://MYECFO.COM
"FREEBOARD CAPITAL, LLC",https://www.freeboardcapital.com/
FORUSALL,HTTP://WWW.FORUSALL.COM
"LAVA WEALTH MANAGEMENT, LLC",HTTPS://WWW.LAVAWEALTH.COM
OCTAVIA INVESTMENTS LLC,HTTP://OCTAVIAINVESTMENTS.COM
"LEXINGTON AVENUE CAPITAL MANAGEMENT, LLC",https://lexingtonave.com/
"LAGUNA WEALTH ADVISORS, LLC",HTTP://WWW.LAGUNAWEALTH.COM
KOKUA CAPITAL MANAGEMENT,HTTP://WWW.KOKUACAP.COM
INVESTORS MOSAIC,HTTP://WWW.INVESTORSMOSAIC.COM
"SIVIK GLOBAL HEALTHCARE, LLC",HTTP://WWW.SIVIK.COM/
BROWNING CAPITAL MANAGEMENT LLC,HTTP://WWW.BROWNINGCM.COM
VIDEN ARBOR CAPITAL,HTTP://WWW.VIDENARBOR.COM
"ALLUVIAL CAPITAL MANAGEMENT, LLC",HTTP://TWITTER.COM/ALLUVIALCAPITAL
LENDINGROBOT,HTTP://WWW.NSRINVEST.COM
"BLAIR HALL ADVISORS, LLC",HTTP://WWW.BLAIRHALLADVISORS.COM
"REVOLUTION PARTNERS, LLC",HTTPS://TWITTER.COM/REALIZEREV
NISHKAMA CAPITAL LLC,https://www.linkedin.com/company/nishkama-capital-llc
"F5 FINANCIAL PLANNING, L.L.C.",https://twitter.com/JDuncAdvisor
SOUNDHAVEN CAPITAL MANAGEMENT,HTTP://WWW.SOUNDHAVENCAPITAL.COM
"OAKTRUST WEALTH ADVISORS, LLC",HTTP://WWW.OAKTRUSTLLC.COM
I-CTHRU INC.,HTTP://WWW.I-CTHRU.COM
"GALLAGHER CAPITAL ADVISORS, LLC",https://www.linkedin.com/in/johnrgallagher
"SERAPHIM CAPITAL MANAGEMENT, LLC",https://www.facebook.com/SeraphimCapitalManagement
CENTER FOR WEALTH MANAGEMENT ADVISORY,HTTP://WWW.CENTERFORWEALTHMANAGEMENT.COM
MISSIONPOINT PARTNERS LLC,HTTP://WWW.MPPGRP.COM
"MILLER WEALTH ADVISORS, LLC",HTTP://WWW.MILLER-WEALTHADVISORS.COM
HOLLIS PARK PARTNERS LP,HTTPS://WWW.LINKEDIN.COM/COMPANY/HOLLIS-PARK-PARTNERS-LP/
"CAROLINA QUALIFIED RETIREMENT PLAN ADVISERS, LLC",HTTP://WWW.CAROLINACORPORATEPLANS.COM/
"SHFP, LLC",HTTP://WWW.SAFE-HARBORPLANNING.COM
"GEOMETRIC WEALTH ADVISORS, LLC",https://www.linkedin.com/company/geometric-wealth-advisors/
"CAERUS INVESTMENT ADVISORS, LLC",https://www.linkedin.com/company/caerus-invesment-advisors-llc
"SEED WEALTH MANAGEMENT, INC.",HTTP://WWW.SEEDWEALTHMGMT.COM
"FOUNDER FAMILY FINANCIAL, LLC",HTTP://WWW.F3FINANCIAL.COM
NEXT WORLD CAPITAL LLC,HTTP://WWW.NEXTWORLDCAP.COM
REI WEALTH MANAGEMENT,HTTP://WWW.REIWEALTHMANAGEMENT.COM/
"GOLDEN BELL PARTNERS, LLC",HTTP://WWW.GOLDENBELLPARTNERS.COM
"L2 ASSET MANAGEMENT, LLC",https://www.l2asset.com/
WATCHSTONE WEALTH MANAGEMENT LLC,HTTP://WWW.WATCHSTONEWM.COM
MODERN CAPITAL GROUP LLC,https://www.modern.net/
"TACTIVEST, LLC",https://www.tactivest.com
"LUMINIST CAPITAL, LLC",HTTPS://WWW.LINKEDIN.COM/COMPANY/10160546/
ARCADIUS CAPITAL PARTNERS INC.,http://www.arcadiuscapital.com/
APOGEE INVESTMENT MANAGEMENT,HTTP://APOGEEINVESTMENTMANAGEMENT.COM
"UPSTART WEALTH MANAGEMENT, LLC",https://www.linkedin.com/company/upstart-wealth-management-llc/
"FUTURE PERFECT PLANNING, LLC",HTTP://WWW.FUTUREPERFECT.NYC
"TREVIAN WEALTH MANAGEMENT, LLC",HTTP://WWW.TREVIANWEALTH.COM/
"BROADVIEW WEALTH MANAGEMENT, LLC",HTTP://WWW.BROADVIEWWEALTH.COM
"STRATEGIC PROBABILITY PARTNERS, LLC",https://www.linkedin.com/company/strategic-probability-partners-llc
STUMPF CAPITAL MANAGEMENT LLC,HTTP://WWW.STUMPFCAPITAL.COM
"BRIDGE FINANCIAL PLANNING, LLC",https://www.linkedin.com/company/bridge-financial-planning
"CONVOY INVESTMENTS, LLC",https://twitter.com/CONVOY_INVEST
"COSTELLO FINANCIAL PLANNING, INC.",https://www.linkedin.com/company/costello-financial-planning
ADW CAPITAL MANAGEMENT LLC,HTTP://WWW.ADWCAPITAL.COM
"AVIVAR CAPITAL, LLC",HTTPS://WWW.TWITTER.COM/AVIVARCAPITAL/
RIVERPATH INVESTMENTS LLC,https://www.linkedin.com/in/brayden-cleland-cfp®-783718a3
OAK ROOT LLC,https://www.oakrootllc.com/
GUIDE WEALTH MANAGEMENT,HTTPS://GUIDEWEALTH.COM
"VINE CAPITAL MANAGEMENT, LLC",HTTP://WWW.VINECAPITALMANAGEMENT.COM
"HARVEST CAPITAL ASSETS, LLC",https://www.facebook.com/HCABuffalo
"GUNCHEON FINANCIAL, LLC",HTTP://WWW.GUNCHEONFINANCIAL.COM/
HDI CAPITAL LLC,https://hdicap.com/
"AMPLIFY ENDOWMENT MANAGEMENT, LLC",HTTP://WWW.AMPLIFYENDOW.COM
"APTUS FINANCIAL, LLC",HTTPS://TWITTER.COM/APTUSFINANCIAL
"FLORENCE CAPITAL ADVISORS, LLC",HTTPS://WWW.LINKEDIN.COM/COMPANY/FLORENCE-CAPITAL-ADVISORS-LLC
ALUMAN,https://www.linkedin.com/company/alumanfinancial/about/
FOCUS PLANNING GROUP,https://www.youtube.com/@JosephCarboneJrCFP
PANDOWEALTH. LLC,https://www.cfa401k.com/
"COMMUNITY DEVELOPMENT FUND ADVISORS, LLC",HTTP://WWW.COMMUNITYDEVELOPMENTFUND.COM
KRONOS WEALTH MANAGEMENT,HTTPS://TWITTER.COM/KRONOS_WEALTH
ROYALE ASSET MANAGEMENT LLC,HTTPS://ROYALEASSETMANAGEMENT.COM
"GA PINCUS FUNDS, LLC",HTTPS://WWW.FACEBOOK.COM/GAPINCUSFUNDS/
TRADEWAY,HTTPS://WWW.TRADEWAY.COM
"POLARIS FINANCIAL, LLC",http://www.polarisportfolios.com
"JARAS FINANCIAL SERVICES, INC.",HTTP://WWW.JARASFINANCIAL.COM
"PROVISION ASSET, LLC",HTTP://WWW.PROVISIONASSET.COM/
CULTIVATING WEALTH,HTTPS://WWW.FACEBOOK.COM/CULTIVATINGWEALTH/
"RUBEY & RUST CAPITAL MANAGEMENT, LLC",https://rubeyrust.com
"GPI CAPITAL, L.P.",HTTP://WWW.GPICAP.COM
QSV EQUITY INVESTORS LLC,https://www.qsvequity.com
"SJBENEN ADVISORY, LLC",HTTPS://WWW.SJBENEN.COM
FINGAGE ADVISORS LLC,HTTPS://WWW.LINKEDIN.COM/COMPANY/18076269/
"SCP INVESTMENT, LP",HTTPS://WWW.SCPINVESTMENT.COM/
MASTODON ADVISORY GROUP,https://www.linkedin.com/company/mastodon-advisory-group
"KEEN CAPITAL, LLC",HTTPS://WWW.LINKEDIN.COM/COMPANY/KEEN-CAPITAL-LLC/
"SPRING LAKE ASSET MANAGEMENT, INC.",HTTP://SPRINGLAKEASSETMANAGEMENT.COM
"RM ADVISER, LLC","HTTP://WWW.REALTYMOGUL.COM (WEBSITE FOR REALTY MOGUL, CO., THE PARENT COMPANY OF RM ADVISER, LLC)"
ELEMENTAL CAPITAL PARTNERS LLC,HTTPS://WWW.LINKEDIN.COM/IN/BRIANWU415/
"PLUM STREET ADVISORS, LLC",HTTPS://WWW.PLUMSTREETADVISORS.COM
"SILICON PRIVATE WEALTH, LLC",HTTP://WWW.SILICONPRIVATEWEALTH.COM
"NIGHTVIEW CAPITAL, LLC",https://www.nightviewcapital.com/
"Q3 ADVISORS, LLC",http://facebook.com/craigwearcfp
SAF ADVISORS LLC,HTTPS://SUBSCRIBEPLATFORM.COM
"CLARK ASSET MANAGEMENT, LLC",https://www.facebook.com/bradleyclarkcfp/
"TLW WEALTH MANAGEMENT, LLC",https://www.tlw.money
"TRAILHEAD PLANNERS, LLC",HTTP://WWW.TRAILHEADPLANNERS.COM
"WALKER ASSET MANAGEMENT, LLC",https://www.walkerassetmanagement.com
"NORTHSTAR FIDUCIARY PARTNERS, LLC",http://www.nsfpllc.com
"DAVIMAN FINANCIAL, LLC",https://www.linkedin.com/company/daviman-financial-llc
"GRIFFIN FAMILY PARTNERS, LLC",HTTPS://WWW.GRIFFINFP.COM/
"GIBSON WEALTH ADVISORS, LLC",HTTP://WWW.GIBSONWEALTHADVISORS.COM
STEVARD LLC,HTTPS://WWW.LINKEDIN.COM/IN/JESSJGARNER/
SOMA CAPITAL MANAGEMENT LLC,http://www.somacap.com
OASIS WEALTH PLANNING ADVISORS,HTTPS://WWW.OASISWEALTHPLANNING.COM
CHASTAIN WEALTH MANAGEMENT,HTTP://WWW.CHASTAINWEALTH.COM
"RPATA, LLC",HTTP://WWW.REVOLUTIONPARTNERS.COM
"KEEL WEALTH MANAGEMENT, LLC",https://twitter.com/scottzodin
EFFECTIVE ASSETS,https://www.linkedin.com/in/justinmartello/
KDM CAPITAL LLC,HTTPS://KDMCAPITAL.COM/
ENTELECHY,HTTPS://FACEBOOK.COM/ENTELECHYHQ
"SAFIR WEALTH ADVISORS, LLC",HTTP://WWW.SAFIRADVISORS.COM
JOBS PEAK ADVISORS,HTTPS://WWW.JOBSPEAKADVISORS.COM/
"INTEGRATED PLANNING & WEALTH MANAGEMENT, LLC",https://www.facebook.com/IntegratedPWM
INTELLIGENT INVESTING,HTTPS://WWW.FACEBOOK.COM/INTELLIGENTINVESTINGLLC/
"O'KEEFE STEVENS ADVISORY, INC.",HTTPS://WWW.OKEEFESTEVENS.COM
"COLUMBUS MACRO, LLC",HTTPS://WWW.LINKEDIN.COM/COMPANY/COLUMBUSMACRO/
NIA IMPACT CAPITAL,HTTPS://WWW.NIAIMPACTADVISORS.COM
"OPEN SOURCE INVESTMENTS, LLC",HTTPS://WWW.OPENSOURCEINVESTMENTS.COM
PINNACLE PORTFOLIO ADVISORS,https://www.linkedin.com/company/pinnacleportfolioadvisors
STRATEGIC INTERNATIONAL,HTTPS://STRATEGIC.INTERNATIONAL
"TOLSMA INVESTMENTS, LLC",HTTP://WWW.TOLSMAINVESTMENTS.COM
"ADVANCED RETIREMENT SOLUTIONS, LLC",HTTP://WWW.ARSADVISOR.COM
"SAMSARA BIOCAPITAL, LLC",HTTP://WWW.SAMSARACAP.COM/
DEMIAN CAPITAL,http://www.demiancapital.com
DUNHILL FINANCIAL,https://www.dunhillfinancial.com
MAYPORT WEALTH MANAGEMENT,HTTP://WWW.MAYPORT.COM
CMG FINANCIAL CONSULTING,HTTPS://WWW.LINKEDIN.COM/IN/CLINT-GOSSAGE-CFA-CPA-66924597/
"RICHMOND QUANTITATIVE ADVISORS, LLC",https://www.linkedin.com/company/richmond-quantitative-advisors
"UPPER LEFT WEALTH MANAGEMENT, LLC",HTTP://WWW.UPPERLEFTWEALTH.COM
"LEEWARD FINANCIAL PARTNERS, LLC",https://www.leewardfp.com/
"COMPLETE WEALTH MANAGEMENT, LLC",HTTPS://WWW.LINKEDIN.COM/IN/JEREMY-DAVID-CFP-%C2%AE-0975063/
VALUES ADDED FINANCIAL,HTTPS://TWITTER.COM/VALUESADDEDDC
ATWOOD FINANCIAL PLANNING LLC,https://www.facebook.com/fearlessfinance
"CAPVISOR ASSOCIATES, LLC",HTTP://WWW.CAPVISORASSOCIATES.COM
PLAN FIRST WEALTH LLC,HTTPS://WWW.PLANFIRSTWEALTH.COM/
"KAIZEN RETIREMENT PLAN ADVISORS, LLC",HTTP://WWW.KAIZENRPA.COM
"CEDAR SPRING ADVISORS, LLC",https://www.linkedin.com/in/brendonworst/
"FOCUSED TRADING AND INVESTMENTS, INC.",HTTP://WWW.FOCUSEDTRADING.COM
"BALLINA CAPITAL, LLC",https://www.linkedin.com/company/ballina-capital-llc
GIGAFUND,HTTPS://WWW.FACEBOOK.COM/GIGAFUND/
MILLENNIAL WEALTH,HTTPS://WWW.LINKEDIN.COM/COMPANY/MILLENNIAL-WEALTH/
"ERGAWEALTH ADVISORS, INC.",HTTP://WWW.ERGAWEALTH.COM
"GST MANAGEMENT, LLC",https://www.regimepilot.com/
ANTIGRAVITY INVESTMENTS,https://twitter.com/antigravinvest
UPTURN CORPORATION,HTTPS://WWW.UPTURN.IO
CALDER FINANCIAL LLC,HTTPS://WWW.CALDERFINANCIAL.NET
"WEALTHRAMP, INC.",HTTP://WEALTHRAMP.COM
THAYER PARTNERS LLC,HTTPS://WWW.FACEBOOK.COM/THAYERPARTNERS/
CHICORY WEALTH,HTTPS://CHICORYWEALTH.COM
EQ WEALTH MANAGEMENT,https://www.facebook.com/EQWealthManagement/
"LONGVIEW FINANCIAL ADVISORS, LLC",https://www.linkedin.com/company/longview-financial-advisor/
"BRUCKE FINANCIAL, INC.",http://www.bruckefinancial.us
"AMORE AMBRO, LLC",http://www.amoreambro.com/
"ALTIORA FINANCIAL GROUP, LLC",HTTPS://WWW.ALTIORA.COM
INNEALTA CAPITAL,https://www.linkedin.com/company/innealta-capital/
ROYAL CAPITAL WEALTH MANAGEMENT LLC,http://WWW.RCWMLLC.COM
"SOUND FINANCIAL, LLC",HTTPS://WWW.YOUTUBE.COM/CHANNEL/UCVO0B61YDBYMPPKENOVE3WG
STONEHENGE RETIREMENT PLANNERS,https://www.StonehengeRP.com
"YOUR PRIVATE CLIENT GROUP, INC.",HTTPS://WWW.YOURPCG.COM
TOPTIER WEALTH MANAGEMENT,https://toptierwealthmanagement.com/
EMPROS CAPITAL LLC,https://www.empros.com
ACT TWO INVESTORS LLC,http://www.acttwoinvestors.com
IRONSHORE FINANCIAL,https://www.ironshorefinancial.com
VITRAL ADVISORS LLC,HTTP://WWW.VITRALADVISORS.COM/
"THE CAPITAL GROUP FIDUCIARY ADVISORS, LLC",https://www.capitalgroupfa.com
STEWARDS ADVISORY SERVICES,https://wealth.emaplan.com/ema/SignIn?ema%2ftdameritrade%2fstewardsadvisoryservices
MERCATOR INVESTMENT MANAGEMENT,http://www.mercatorinvestments.com
ARROW WEALTH ADVISORY LLC,https://arrow-wealth.com/
"BRADLEY & COMPANY PRIVATE WEALTH MANAGEMENT, LLC",https://www.bradleyandco.com
"VESTED FINANCIAL PLANNING, LLC",https://www.facebook.com/vestedfinancialplanning/
"KOA WEALTH MANAGEMENT, LLC",https://www.facebook.com/KoaWealthManagement/
PROCURE ETFS,https://www.procuream.com
"MULTICOIN CAPITAL MANAGEMENT, LLC",HTTPS://MULTICOIN.CAPITAL/
LEGA Z ADVISORY LLC,https://www.legazadvisory.com/
QM ADVISORS LLC,https://www.qmadvisors.com/
Q CAPITAL SOLUTIONS,https://www.qcapitalsolutions.com/
FINANCIAL TRANSPARENCY,HTTPS://FINANCIALTRANSPARENCYLLC.COM
TROWBRIDGE CAPITAL PARTNERS LLC.,https://www.trowbridgellc.com
BLUE OCEAN INVESTMENT PARTNERS,HTTP://WWW.LINKEDIN.COM/COMPANY/BLUEOIP
SNAPDRAGON CAPITAL PARTNERS LLC,https://snapdragoncap.com
"GARRISON MURPHY WEALTH MANAGEMENT, LLC",https://www.gmwmllc.com/
CATALYST INVESTMENT MANAGEMENT LLC,https://catalystinvestmentmanagement.com/
BLACKCROWN,https://www.blackcrownholdings.com
"FOLIOBEYOND, LLC",http://FOLIOBEYOND.COM
KW WEALTH MANAGEMENT LLC,https://www.globalwealthadvisor.com/
WE FINANCIAL GROUP,https://www.wefinancialgroup.us
GRUENSTEIN INVESTMENTS LLC,https://www.gruenstein.com
"INVERSSO, LLC",HTTP://WWW.INVERSSO.COM
TOMALES BAY CAPITAL,http://www.tomalesbaycapital.com
"TOPLINE CAPITAL MANAGEMENT, LLC",http://www.toplinecapital.com
"FIRE CAPITAL MANAGEMENT, LLC",https://www.instagram.com/firecapital/
EAGLE WEALTH ADVISORS,http://www.eaglewealthadvisor.com
"DJ WEALTH SYSTEMS, LLC",https://djwealthsystems.com
MODEL WEALTH,https://www.modelwealth.com/
"HAYES WEALTH ADVISORS, LLC",https://www.hayeswealthadvisors.com
"CWM PARTNERS, LLC",https://www.cwm-partners.com/
WOODLOCK HOUSE FAMILY CAPITAL,https://twitter.com/chriswmayer
"OPPORTUNUS WEALTH MANAGEMENT, LLC",https://www.opportunuswealth.com
DAI ADVISORS,http://www.daiadvisors.com
NELLORE CAPITAL MANAGEMENT LLC,https://www.linkedin.com/company/nellore-capital-management/about/
WEALTH CREATION MANAGEMENT GROUP LLC,http://www.wealthcmg.com
SINCERUS ADVISORY,https://twitter.com/dannryan
"STORY3 CAPITAL PARTNERS, LLC",http://story3capital.com
"CLIENT FIRST CAPITAL, LLC",https://www.linkedin.com/in/clientfirstcap/
RIDGELINE RESEARCH LLC,https://www.acvetfs.com
"THOMPSON CAPITAL MANAGEMENT, LLC",https://www.thompsoncm.com/
"GUNDER WEALTH MANAGEMENT, LLC",https://www.instagram.com/gunderwealth/
CLEVERALPHA,https://www.cleveralpha.com/
"FLOWSTONE PARTNERS, LLC",https://www.linkedin.com/company/flowstone-partners/
"XANTOS LABS, LLC",https://www.linkedin.com/company/xantos-labs
"GENERAL PARTNER, INC.",http://www.generalpartnerinc.com
"OLIVE BRANCH CAPITAL, LLC",HTTPS://WWW.LINKEDIN.COM/IN/SCOTT.COLEMAN-OBCAP
"BRAINS INVESTMENTS, LLC",http://www.brains.com
REALIZATION CAPITAL PARTNERS MANAGEMENT LLC,HTTP://WWW.REALICAP.COM
WEALTHVENUE,https://twitter.com/wealthvenue
BROADWEALTH LLC,https://www.linkedin.com/in/jenniferdowlingdougherty/
"MONHEGAN CAPITAL MANAGEMENT, LLC",https://www.linkedin.com/company/monhegan-capital-management-llc
"CONSILIUM, LLC",https://www.consilium-llc.net
CONCERT INVESTMENT ADVISORY LLC,https://concertiai.com
SMARTPATH ADVISORS,https://www.smartpathadvisors.co/
ESOTERICA CAPITAL LLC,http://www.esotericacap.com
VISTA CIMA WEALTH MANAGEMENT LLC,http://www.vistacima.com/
TRIBE CAPITAL,https://twitter.com/tribecap
HIGHBURY PARK LLC,https://www.linkedin.com/company/highburygroup/
"ALAETHES WEALTH, LLC",http://www.alaethes.com
"BESTIGE HOLDINGS, LLC",https://bestigeholdings.com
STANDARD CRYPTO MANAGEMENT LP,https://www.linkedin.com/company/standard-crypto
"BLACK KNIGHT WEALTH MANAGEMENT, LLC",http://www.opgadvisors.com
"GOLDEN BELL FINANCIAL PLANNING, LLC",http://www.goldenbellfp.com
GLENORCHY CAPITAL LIMITED,http://glenorchycapital.net
SWAN CAPITAL,https://www.linkedin.com/in/andrewsmcnair/
"BITKRAFT VENTURES MANAGEMENT, LLC",https://www.bitkraft.vc/
FIRST GROWTH CAPITAL LLC,https://www.firstgrowthcapitalpartners.com
"STONEKEEP INVESTMENTS, LLC",https://www.linkedin.com/company/stonekeep-investments-llc/
ASTRA VENTURES,http://www.astravc.com
"BLUE WATER LIFE SCIENCE ADVISORS, LP",https://www.bluewaterlifescienceadvisors.com
"URSA FINANCIAL, LLC",https://www.linkedin.com/company/ursavest
"ARGUS EQUITY PARTNERS, LLC",https://AEP-RIA.com
MARCYPEN CAPITAL PARTNERS LLC,https://marcypen.com/
"MODERN CAPITAL MANAGEMENT, CO.",http://www.moderncap.com
ALIGNMENT FINANCIAL GROUP,https://alignfg.com/
REFLECTION ASSET MANAGEMENT,https://twitter.com/ram_investment?lang=en
"WRONA INVESTMENT MANAGEMENT, LLC",https://www.onerockfund.com
DEMAND WEALTH,HTTPS://DEMANDWEALTH.COM/
ARNIE ADVISORS LLC,https://www.arnie.co/
EARLYBIRD CENTRAL INC.,https://getearlybird.io
PRIVATE INVESTOR CLUB LLC,https://www.therealestatecrowdfundingreview.com/
GUILD CAPITAL MANAGEMENT,https://guildcap.com/
"SOOTCHY SECURITIES, LLC",http://www.instagram.com/sootchyapp
"WISDOM CAPITAL ASSET MANAGEMENT, LLC",http://www.wisdom-cap.com
WHITEHAWK CAPITAL PARTNERS LP,https://www.linkedin.com/company/whitehawk-capital/about/
NELSON CAPITAL ADVISORS,https://linkedin.com/in/christophernelsoncfa
CHANNEL INVESTMENT PARTNERS,http://www.channelinvestmentpartners.com
ARCTIS GLOBAL LLC,https://arctisglobal.com/
FIVE OCEANS ADVISORS,https://www.instagram.com/fiveoceansadvisors/
BLACK HORSE WEALTH MANAGEMENT,https://blackhorsewealth.com/
"MANZIL INVESTMENT ADVISORS, LLC",https://www.linkedin.com/company/manzilinvest
GBC INVESTMENT GROUP,https://www.linkedin.com/company/gbc-investment-group/
SONOMA PRIVATE WEALTH LLC,http://www.sonomaprivatewealth.com
"OLDE WEALTH MANAGEMENT, LLC",https://www.linkedin.com/in/denton-olde-cfp%C2%AE-m-s-10a2b113/
"UNIFIMONEY RIA, INC.",https://www.linkedin.com/company/unifimoney/
"COLLAB+CURRENCY MANAGEMENT, LLC",https://open.spotify.com/show/5JxUYMrO0T7VaQGDJqvtiw
LEGACY FINANCIAL ADVISORS,HTTP://WWW.LEGACYFALLC.COM
LONG WALK MANAGEMENT LP,https://longwalkmgmt.com/
THOMAS MILL ADVISORS LLC,http://www.thomasmill.com
STRAIT & SOUND,https://www.linkedin.com/company/strait-and-sound/
"THE HERBST GROUP, LLC",https://www.linkedin.com/company/the-herbst-group/
"1N CAPITAL, LLC",http://www.1ncapital.com
LANE GENERATIONAL LLC,https://www.lanegenerational.com
INFLECTION FINANCIAL,https://www.inflectionfinancial.com
CROWN OAK ADVISORS,https://www.crownoakadvisors.com/
GOALFUSION WEALTH MANAGEMENT,https://www.goalfusion.com
"OFF THE CHAIN CAPITAL, LLC",https://offthechain.capital
SYNERGY FG,http://www.linkedin.com/palashislam
DRIVEN INVESTMENTS LLC,https://www.linkedin.com/in/coleweir/
"SUMMIT PEAK INVESTMENTS, LLC",https://summitpeak.com/
INTEGRATED QUANTITATIVE INVESTMENTS LLC,http://www.integratedquant.com
"FREEDOM FAMILY OFFICE, LLC",https://talktofreedom.com
THRIVE RETIREMENT SPECIALISTS,http://www.thriveretire.com/
"HERITAGE CAPITAL ADVISORS, LLC",https://www.info@heritagecapitalresearch.com
"NGP FINANCIAL PLANNING, LLC",http://www.ngpfinancialplanning.com
DELTA WEALTH ADVISORS LLC,https://www.deltawealthadvisors.com
DIRECT FINANCIAL CARE,http://www.directfinancialcare.com
RONIN EQUITY PARTNERS LLC,https://www.roninequitypartners.com/
WEIGELFAM,https://www.facebook.com/WeigelFiduciary/
PROALTUS USA,HTTP://PROALTUS.US
QUANTEL ASSET MANAGEMENT LLC,https://twitter.com/aiquantel
SOUND CAPITAL SOLUTIONS LLC,http://www.soundcapitalsolutions.com
CONTRARY LLC,https://twitter.com/contrarycapital
VILGA FINANCIAL PLANNING LLC,http://www.vilga.com
SEQUOIA WEALTH MANAGEMENT GROUP,https://www.sequoiawmg.com
SHINING ROCK ADVISORS LLC,https://shiningrockadvisors.com
MYRA WEALTH,https://x.com/myrawealth
ALTERNATIVE CAPITAL FUND MANAGEMENT LLC,http://www.altcapinvestments.com
"MARKIN ASSET MANAGEMENT, LP",https://www.linkedin.com/company/markin-asset-management-lp
FRACTAL INVESTMENTS LLC,https://www.fractalinvestments.net
"PHIL A. YOUNKER & ASSOCIATES, LTD.",http://www.pyounker.com/
"ALINEA INVEST, INC.",https://www.facebook.com/alineainvest/
"SNOWWATER INVESTMENT PARTNERS, LLC",https://www.snowwaterinvestments.com/
DIRECTIONAL ADVISORS,http://twitter.com/franklinparker1
"776 MANAGEMENT, LLC",https://www.instagram.com/776fund/?hl=en
"PURPOSE COMPREHENSIVE WEALTH MANAGEMENT, LLC",HTTPS://WWW.PURPOSECWM.COM
ASPIRE GROWTH PARTNERS LLC,https://www.linkedin.com/company/aspiregrowthpartners/
"CARE EQUITY CAPITAL MANAGEMENT, L.P.",http://careequity.com/
"VERITAS WEALTH PARTNERS, LLC",https://www.linkedin.com/company/79931376/admin/
GREENVALE CAPITAL LP,https://www.greenvalecapital.com
ONLYFUNDS,https://www.onlyfunds.com
"BLACK DRAGON CAPITAL INVESTMENT MANAGEMENT, INC",https://blackdragoncap.com/
INVESTMENT ADVISOR GROUP,https://www.investmentadvisorgroup.com/
"IVY LANE CAPITAL MANAGEMENT, LLC",https://www.linkedin.com/company/ivy-lane-capital-management-llc/
GAMMA INVESTING LLC,https://www.gammainvesting.com
PERRY CAPITAL PARTNERS LLC,http://perrycapitalpartners.com
FIFTH DOWN CAP LLC,https://x.com/fifthdowncap
BLUEPRINT LOCAL LLC,https://blueprint-local.com
MITTELMAN WEALTH MANAGEMENT,https://mwmfamilyoffice.com
EVESTIA FINANCIAL,https://twitter.com/evestiafinance
RETIREFUL LLC,https://mohrfunds.com/
PRIVATE FINANCIAL MANAGEMENT LLC,https://www.privatefinancialmanagement.com/
EKO,https://www.linkedin.com/company/ekoinvestments/
FAITH INVESTOR SERVICES,Https://www.linkedin.com/company/faith-investor-services
"ALEXIS INVESTMENT PARTNERS, LLC",https://www.linkedin.com/company/alexis-investment-partners/about/
HADLEY,https://www.gohadley.com/
"GUERRA PAN ADVISORS, LLC",https://guerrapanadvisors.com
MANUKA FINANCIAL,https://www.linkedin.com/company/73870649/
GOALSETTER GOLD,https://goalsetter.co/investing/
"COMMUNITY US FUND MANAGEMENT, INC.",HTTPS://WWW.LINKEDIN.COM/COMMUNITYFUND/
"INTERSECTION FINTECH VENTURES, LLC",https://www.intersectiongp.com/
CONSTITUTION WEALTH LLC,https://gab.com/constitutionwealth
"AVOS CAPITAL MANAGEMENT, LLC",https://avos.co
DOWNSHIFT FINANCIAL,https://twitter.com/TravisEHughes
FAIRFAX GLOBAL INVESTMENT MANAGEMENT LLC,https://www.Fairfax-Global.com
CANDOR FINANCIAL LLC,https://www.youtube.com/channel/UCJnjYSD4CMSoqVdhi8KzXfw
SPARKLINE CAPITAL LP,https://www.linkedin.com/company/sparklinecapital/
K5 GLOBAL ADVISOR LLC,http://www.k5global.com
"SIDDHI CAPITAL, LLC",https://www.linkedin.com/company/siddhi-capital/mycompany/
SPEAR ADVISORS LLC,https://www.spear-invest.com
ELEVATION WEALTH MANAGEMENT,https://www.linkedin.com/in/darinbeckering/
"BLACK DIAMOND FINANCIAL, LLC",https://www.bdfria.com
AJOVISTA,http://AJOVista.com
CATERER GOODMAN PARTNERS LTD,https://www.facebook.com/CatererGoodmanPartners/
BISON CREEK WEALTH MANAGEMENT LLC,HTTPS://BISONCREEKWEALTH.COM
CORNERSTONE PORTFOLIO RESEARCH,https://www.facebook.com/CPR-101370681943660
WIZEST INC.,https://www.wizest.com/
"BERGEN PARK CAPITAL MANAGEMENT, LLC",HTTPS://WWW.BERGENPARKCAPITAL.COM/
BLUE HERON INFRASTRUCTURE,https://blueheroninfrastructure.com/
SIEBEN WEALTH PLANNING LLC,https://blueoxwm.com
"DOUBLE I INVESTMENTS, LLC",https://gamepick.com/
STONE SUMMIT WEALTH LLC,https://www.stonesummitwealth.com
ADOLOS ASSET MANAGEMENT,https://AdolosAM.com
BEAGLE INVEST,https://www.linkedin.com/company/meetbeagle
GRAMERCY STRATEGIC CAPITAL LLC,https://www.gramercysc.com/
TWO PRIME LLC,https://twoprime.io
CALLAHAN WEALTH ADVISORY,https://www.callahanwealthadvisory.com/
ALPHAAI CAPITAL MANAGEMENT,https://www.tiktok.com/@alphaaicapital
VEST WEALTH INC.,https://www.mivest.io
XO CAPITAL LLC,https://www.xocapital.team
CHILDFREE WEALTH,https://livelearnplan.com/
APEX WEALTH ADVISORS LLC,HTTPS://WWW.APEXWEALTHADVISORS.COM
"TACORA CAPITAL MANAGEMENT, LP",http://www.tacoracap.com
MIRABILIS MANAGEMENT COMPANY LLC,https://www.fernweh.com/
"BLODGETT WEALTH ADVISORS, LLC",https://www.blodgettwealth.com/
SPECIALIZED RETIREMENT CONSULTANTS LLC,https://www.usa4o1k.tech
"UNCONVENTIONAL INVESTOR, LLC",http://www.unconventionalinvestor.com
VALENCE8,https://www.linkedin.com/company/valence8
"CADEN CAPITAL PARTNERS, LP",http://www.cadencp.com
FIRST STEP WEALTH PLANNING,https://www.youtube.com/channel/UC-LMXaiN3ZUm57bmcovGHNw
TRACE WEALTH ADVISORS,https://www.tracewealthadvisors.com
RHIZOME CAPITAL MANAGEMENT LLC,http://www.rhizomepartners.com/
"INVICTUS PRIVATE WEALTH, LLC",https://www.invictusprivatewealth.com
KBIT MANAGEMENT LTD.,https://www.linkedin.com/company/11284960/admin/feed/posts/
"SECOND SUMMIT WEALTH MANAGEMENT, LLC",https://www.instagram.com/second.summit
ADDITION WEALTH,https://www.facebook.com/additionwealth/
"RELATIVE SENTIMENT TECHNOLOGIES, LLC",https://relativesentiment.com
"724 ASSET MANAGEMENT, LLC",https://724cap.com/
"724 CAPITAL, LLC",https://www.cigfinancialservices.com
RAPID SCALE LLC,https://rapidscale.vc
VALSPRING CAPITAL,https://www.valspring.com
"GAMBIT CAPITAL MANAGEMENT, LLC",https://www.linkedin.com/in/daniel-powers-cfa-65624423
"CROSSGRAIN FAMILY INVESTMENTS, LLC",https://www.linkedin.com/company/crossgrainfi/
SCOUT,https://scoutftw.com
NK CAPITAL LLC,https://www.nkcapllc.com/
"WILLIAMSON LEGACY GROUP, LLC",https://williamsonlegacygroup.com
"6TH MAN VENTURES, LLC",HTTPS://WWW.6THMAN.VENTURES
"OLA INVIERTE, LLC",https://olainvierte.com/
"SATOR GROVE MANAGEMENT COMPANY, LLC",https://www.linkedin.com/company/sator-grove-holdings/
CROSSLAYER CAPITAL MANAGEMENT LLC,https://www.linkedin.com/company/crosslayer-capital/about/
CERTUS WEALTH MANAGEMENT LLC,https://www.certuswealthmanagement.com
"COMPOUND GLOBAL ADVISORS, LLC",https://compoundglobaladvisors.com/
CLEARUP LLC,https://www.clearupthis.com
GRAFTON STREET PARTNERS,https://www.graftonstreetpartners.com/
"VALUE ALIGNED RESEARCH ADVISORS, LLC",https://www.linkedin.com/in/ben-hoskin-cfa-024b9021/
"CONSCIOUS WEALTH INVESTMENTS, LLC",https://www.linkedin.com/company/theconsciouswealthcompany
AMERICAN EXPATS IN EUROPE LTD.,http://www.facebook.com/groups/508935749659668
"ICW HOLDINGS, LLC",https://www.icwinvest.co/
TABLEAUX WEALTH,https://www.linkedin.com/company/tableauxwealth/about/
SPLIT CREEK LLC DBA SPLIT CREEK CAPITAL LLC,https://www.linkedin.com/company/splitcreekcapital
"STAGE WEALTH MANAGEMENT, INC.",http://stagewealthmanagement.com
"DOVER ADVISORS, LLC",https://doveradvisors.com/
"MEOW ADVISORY, LLC",https://www.meow.com
"HARMONT FIXED INCOME, LLC",https://www.harmontfixedincome.com
FRANKLY FINANCES,https://franklyfinances.com/
"LET BOB ADVISORY, LLC",https://letbobtrade.com/
VIABLE,http://www.viableplans.com
"OPTIMIZED INVESTMENT PARTNERS, LLC",https://www.optimizedip.com
"SOLID POINT WEALTH ADVISORS, LLC",https://www.solidpointwealth.com
VIRTUS FINANCIAL PARTNERS,https://www.facebook.com/VirtusFinancial
QUANTITATIVE FINANCE LLC,https://quantitativefinance.io/
10ELMS LLP,https://10elms.com/
HAMPSHIRE FAMILY OFFICE,http://www.hampshirefamilyoffice.com
LANGAR INVESTMENT MANAGEMENT,https://langarfunds.com
"PRINCIPLED ADVISORS, INC.",http://www.principled.com
"STONECREEK PRIVATE WEALTH, LLC",http://www.stonecreekpw.com
INVERA WEALTH ADVISORS LLC,https://inverawealth.com
RUDOI S.R.L.,https://rudoisrl.com
TWIN PEAKS WEALTH ADVISORS,https://www.facebook.com/twinpwa/
TINDERWEALTH,https://www.linkedin.com/company/82572995/admin/
OROGRAPHIC FINANCIAL ADVISORS,https://www.orographicfinancial.com
"GIBERTINI, ANTHONY",https://anthonygibertini.carrd.co/
ATLAS,https://www.twitter.com/investwithatlas
UNITED ADVISOR GROUP,https://www.thestrategicfinancial.com/
SILO FINANCIAL LLC,https://www.youtube.com/c/LogicallyAnswered
"FLAX POND CAPITAL, LLC",https://www.flaxpondcapital.com
"CAROLINA STRATEGY, LLC",https://carolinastrategy.com
ELEVATION WEALTH PARTNERS LLC,https://www.ElevationWealthPartners.net
GENERATIONAL PRIVATE WEALTH,https://www.genprivatewealth.com
SHARED VISION WEALTH GROUP,http://www.sharedvisionwealth.com
CONTRARY LEGACY LLC,https://www.linkedin.com/showcase/startupsearch/
DIGITAL ASSETS INVESTMENT,https://www.instagram.com/digital.assets.investment
PELTOMA CAPITAL PARTNERS,https://twitter.com/rubinjmiller
"ECHO FINANCIAL ADVISORS, LLC",https://www.facebook.com/echo.investments.co
NAVIQUANT,https://naviquant.com/
NORTH GROUND CAPITAL,https://www.northgroundcapital.com/
FIRREO,https://twitter.com/firreofinancial
BRB FINANZ USA,https://www.brbfinanz.com
"FOUNTAINDALE, LLC",https://www.fountaindale.co
"BLUESTONE PRIVATE WEALTH, LLC",https://www.bluestoneprivate.com
FIDUCIARY BENEFITS GROUP,https://www.linkedin.com/company/fiduciary-benefits-group-10/
LUMINVEST WEALTH MANAGEMENT LLC,HTTPS://WWW.LINKEDIN.COM/COMPANY/OMNIA-WEALTH-MANAGEMENT-LLC
WISER ADVISOR GROUP,https://www.linkedin.com/company/wiser-advisor-group/
NINE30 ADVISORS LLC,https://www.nine30.com
DYNAMIC WEALTH GROUP,https://dynamicalphasolutions.com
ATLAS CAPITAL,https://www.linkedin.com/company/atlascapitalteam/about/
CAPITAL IP INVESTMENT PARTNERS LP,https://capitalip.com/
ALBERT BRIDGE CAPITAL,https://twitter.com/AlbertBridgeCap
MITTLEMAN VALUE PARTNERS LLC,https://www.mittlemanvalue.com
"MATRIARCH WEALTH MANAGEMENT, LLC",https://www.matriarchwm.com
NDURE GLOBAL LLC,https://www.linkedin.com/company/ndure-global/
ATLANTIC EDGE PRIVATE WEALTH MANAGEMENT,https://www.linkedin.com/company/atlanticedgewealth/
TIDE COVE CAPITAL PARTNERS LLC,http://www.tidecovecapital.com
ENCIRCLE FINANCIAL STRATEGIES,http://www.encirclefinancialstrategies.com
GLOBAL PREDICTIONS INC,https://www.facebook.com/worldpred/
APERTURE ADVISORS LLC,http://www.apertureadvisors.io
LIFEGOAL WEALTH ADVISORS LLC,https://www.linkedin.com/in/taylor-sohns-mba-cima%C2%AE-cfp%C2%AE-0019b113/
STONE RIDGE ADVISORS,https://www.linkedin.com/company/stone-ridge-advisors/
HARVEST GROWTH CAPITAL,https://www.harvestgrowthcapital.com/
EVANSBROOK CAPITAL MANAGEMENT,https://evansbrook.com/
TAPPALPHA,https://www.facebook.com/tappfinance
EL CASTILLO INVESTMENTS,https://www.elcastilloinvestments.com/
SIERRA SUMMIT ADVISORS LLC,https://www.SIERRASUMMITADVISORS.com
SOUND ADVISORY,https://www.linkedin.com/company/mysoundadvisory
DBD RETIREMENT AND FINANCIAL SERVICES,https://www.linkedin.com/in/ray-di-filippo-6675804
"RASP WEALTH SOLUTIONS, LLC",https://www.RASPwealthsolutions.com
"FINANCIAL SCAFFOLDING, LLC",http://www.financial-scaffolding.com
"PILLSBURY LAKE CAPITAL, LLC",https://pillsburycap.com/
ALPHA BLUE CAPITAL,https://www.linkedin.com/company/alpha-blue/about/
"1015 CAPITAL PARTNERS, LLC",https://www.1015capitalpartners.com/
WAYSTONE ADVISORS LLC,https://www.linkedin.com/company/waystoneadvisorsllc
FIFR,https://www.tiktok.com/@fifr.io
DIGITAL WEALTH PARTNERS,https://www.digitalwealthpartners.net/
GLR INVESTMENT ADVISORY LLC,https://www.glrtec.com
QUANTIFY FUNDS,https://www.quantifyfunds.com/
THE DAVID J. YVARS GROUP INC.,https://yvarsgroup.com
DRUCKER WEALTH,https://www.linkedin.com/in/lancedrucker/
"MÉTIER CAPITAL, LLC",https://metier-capital.com
"VENNLIGHT CAPITAL MANAGEMENT, LP",https://www.linkedin.com/company/vennlight-capital-management-lp/
ALPHA VEE ADVISORS,https://alphaveeadvisors.com/
THOUGHTFUL MONEY LLC,https://x.com/thoughtfulmoney
BLACK POINT WEALTH MANAGEMENT,https://www.linkedin.com/in/jonathan-harris-1b403b84/
"FG ADVISORY SERVICES, LLC.",https://www.fgadvisoryservices.com/
GENESIA INVESTMENTS LLC,https://www.genesiainvestments.com
GALLO PARTNERS LP,https://gallopartnerslp.com/
SALUS FINANCIAL ADVISORS,http://www.salusfinancialadvisors.com
"FUNDAMENTAL INVESTMENT SERVICES, LLC",https://www.myfundamental.net/solutions
KILTER GROUP,https://kiltergroup.com/
BERLIN WEALTH GROUP ADVISORS,https://berlin-wealthadvisors.com/
"PROSPERA CAPITAL MANAGEMENT, LLC",HTTPS://WWW.DETERSWEALTHMANAGEMENT.COM
LIGHTHOUSE,https://www.lighthouseinvest.io/
IMPACT RETIREMENT ADVISORS,https://impactretirementadvisors.com/
"WELLTH ADVISORY SERVICES, LLC",http://www.srpretire.com
FULL FINANCIAL INC.,http://www.fullfinancial.com
GREENPORTFOLIO INC.,https://greenportfolio.com/
AVIATOR'S WEALTH MANAGEMENT,https://www.aviatorswealth.com
"EPOGEE CAPITAL MANAGEMENT, LLC",https://epogeecapital.com/
BONA FIDE WEALTH,https://www.bonafide-wealth.com
ZERO DAY CAPITAL ENTERPRISES LLC,https://www.zerodaycapital.com/
BELMONT PRIVATE WEALTH,http://www.belmontpw.com/
MOMENTUM WEALTH PLANNING,https://www.momentumwealthplanning.com
MAKE THE MEMORY FINANCIAL PLANNING,https://mtmplanning.com
NORTHSANDS CAPITAL,https://www.linkedin.com/company/northsands/
LEE-KELLEHER WEALTH MANAGEMENT,http://www.LKWealthManagement.com
VISTASHARES,HTTPS://VISTASHARES.COM
WHITWELL ADVISORS,https://www.facebook.com/modern.wealth.management.boutique
"AGILE INVESTMENT MANAGEMENT, LLC",http://agileim.com
CAUSEY PUBLIC FINANCE,HTTPS://WWW.CAUSEYPF.COM
CREDIT BRIDGE ADVISORS LLC,https://www.Creditbridge.com
PROTOCOL VC LLC,https://www.linkedin.com/company/protocolvc/
CASHMERE,https://linkedin.com/company/the-cashmere-fund/
INVESTATURE,https://investature.com/
LOOMIS CAPITAL MANAGEMENT,https://loomiscapitalmanagement.com/
CANDLESTICK AI,https://x.com/AICandlestick
MACCABI CAPITAL MANAGEMENT LLC,HTTPS://www.maccabicapital.com
WEBS INVESTMENTS INC.,https://www.linkedin.com/company/webs-investments-inc/about/
KING RIDGE CAPITAL LLC,https://kingridgecapital.com/
"HKW MANAGEMENT, LLC",https://www.linkedin.com/company/hkwinc
BASTION FIDUCIARY,https://www.lastbastion.com
WALLEYE PARTNERS LLC,HTTPS://WWW.WALLEYEPARTNERS.COM
"HEWELL FINANCIAL GROUP, INC.",https://www.hewellfinancial.com
SHAPOSHNIK CAPITAL MANAGEMENT LLC,https://www.linkedin.com/company/rainwater-equity1
NEWMILE CAPITAL LLC,https://www.newmilecapital.com
BROOKSIDE STRATEGY AND CONSULTING,HTTPS://WWW.DAVIDWARDCFA.COM
VALEO VENTURES,https://www.linkedin.com/company/105017871
THE BYCOFF GROUP LLC,https://www.facebook.com/thebycoffgroup/
SMARTHARVEST PORTFOLIOS,https://smartharvestportfolios.com/
ILLUMINATE,https://illuminate.earth/
STEADTRUST,https://www.concordfinancialgroup.com/
TREEVIEW CAPITAL,https://Treeview.Capital
"STORGATE, LLC",https://storgate.com
EXCELSIOR ADVISOR NETWORK LLC,https://excelsioradvisor.com/
KINGDOM LEGACY ADVISORS,HTTPS://KINGDOMLEGACYADV.COM
"THREE FIFTY EIGHT INVESTMENT GROUP, LLC",https://www.358investmentgroup.com/
"MARTIN, JAVAN VON",https://www.linkedin.com/in/javan-martin-cfp%C2%AE-27127921
HOLISTIC FINANCE LLC,https://www.holisticfinance.com/
STAR HARBOR INVESTMENTS INC,http://www.starharborinvestments.com
WEALTHMEUP ADVISORS LLC,https://wealthmeup.ai
"VERITA STRATEGIC WEALTH PARTNERS, LLC",https://www.veritawealth.com/
ELEVATED PRIVATE WEALTH,HTTPS://WWW.ELEVATEDPRIVATEWEALTH.COM
"CONVERSE TEAM FINANCIAL SERVICES, LLC",https://www.theconverseteam.com/
"WLTH CAPITAL MANAGEMENT, LLC",https://wlthcapitalmanagement.com/
TORQUE ASSET MANAGEMENT LLC,http://www.TorqueAM.com
"WINFORD WEALTH, LLC",https://winfordwealth.com/
SENSTOMI,https://senstomi.com
BEAU MORGAN ADVISORS,http://www.beaumorgan.com
KUBENCE,https://www.kubence.com/
HANOVER SQUARE WEALTH ADVISORS LLC,https://www.hanoversquarewa.com
FINANCIAL JUSTUS,https://www.linkedin.com/in/justusmorgan/
MONSON WEALTH MANAGEMENT LLC,https://www.monsonwealth.com/
WINTERBIRD PARTNERS LLC,https://winterbirdpartners.com
SYNCRACY OPERATIONAL MANAGEMENT LLC,https://www.syncracy.io/
FULFILLED,https://www.fulfilledwealth.co
IWC ASSET MANAGEMENT LLC,HTTP://WWW.IWCASSET.COM
OUTLANDER VC,https://outlander.vc/
PREMIER GOLD GLOBAL WEALTH LLC,https://premiergoldinvestments.com/investments.htm
SOLOMAN HILL I LLC,HTTP://WWW.SOLOMANHILLILLC.COM/
HALLSTATT ADVISORS L.P.,https://www.linkedin.com/company/hallstatt-advisors-lp/
CYSTEIN,HTTP://WWW.CYSTEINFUNDS.COM/
GRIZZLE INVESTMENT MANAGEMENT LLC,https://twitter.com/GrizzleInvest
14B CAPITAL MANAGEMENT LP,https://www.14bcapital.com
DEMOCRACY INVESTMENT MANAGEMENT LLC,https://www.facebook.com/democracyinvestments/
RSD ADVISORS,HTTP://WWW.RSDADVISORS.NET/
SWISS ALPINE WEALTH MANAGEMENT LLC,HTTP://WWW.SWISSALPINEWEALTHMANAGEMENT.COM
RECIPROCAL CAPITAL,HTTP://RECIPROCALCAPITAL.COM
"QUANTCORE CAPITAL MANAGEMENT, LLC",HTTP://WWW.QUANTCORECAPITAL.COM
SPRINGDALE CAPITAL,HTTP://WWW.SPRINGDALECAP.COM
"TRINARY CAPITAL, LLC",https://www.linkedin.com/company/trinary-capital/
"LW CAPITAL MANAGEMENT, LLC",https://twitter.com/laughingh20cap
"UNITED VALUE CAPITAL, LLC",http://www.unitedvaluecapital.com
"NEWVEST MANAGEMENT, LP",https://www.newvest.com
BLOCKCHANGE MANAGEMENT LLC,https://blockchange.vc/
SKAANA MANAGEMENT L.P.,https://www.skaana.us/
"BRIGHTREE WEALTH MANAGEMENT, LLC",https://brightfg.com
"SMP ASSET MANAGEMENT, LLC",HTTP://WWW.SMPLP.COM
FINEQUITIES LLC,https://www.finequities.com
HEIRLOOM INVESTMENT MANAGEMENT LLC,https://www.linkedin.com/company/heirloom-investment-management/mycompany/
TOCCATA CAPITAL,HTTPS://WWW.TOCCAP.COM/
PARVUS ASSET MANAGEMENT JERSEY LIMITED,https://www.parvusfunds.je/
ROAD CAPITAL MANAGEMENT LP,https://twitter.com/RoadCapMgmt
BELLWOOD CAPITAL FUND ADVISORS,HTTP://WWW.BELLWOOD-CAPITAL.COM
"WAYVE CAPITAL MANAGEMENT, LLC",https://www.Wayvecapital.com
CI CAPITAL PARTNERS,https://www.linkedin.com/company/ci-capital-partners/about/
"BAYESIAN CAPITAL MANAGEMENT, LP",HTTP://BAYESIAN.CAPITAL/
PALM SPRINGS ADVISORY LLC,http://www.palmspringsadvisory.com/
CREIGHTON CAPITAL MANAGEMENT LLC,https://www.creightonai.com/
"ALTAI CAPITAL MANAGEMENT, L.P.",HTTPS://WWW.LINKEDIN.COM/COMPANY/ALTAI-CAPITAL-MANAGEMENT-L-P-
"NEWFOUNDLAND CAPITAL MANAGEMENT US, LLC",HTTP://WWW.NEWFCAP.COM
CENTERSTONE INVESTORS LLC,https://www.centerstoneinv.com/
PETER PESIC & CO. ADVISORS,HTTPS://WWW.PESICSECURITIES.COM
COLLEGA CAPITAL MANAGEMENT,HTTP://WWW.COLLEGACAPITAL.COM
"CESTRIAN CAPITAL RESEARCH, INC",https://www.youtube.com/@cestriancapitalresearch
WEALTH2B,https://wealth2b.com/
"OMEGA ADVISERS, LLC.",https://www.omegaadvisers.com/
HONEYTREE INVESTMENT MANAGEMENT,https://twitter.com/lizsimmie
TWENTYTHREE ADVISORY,https://twentythreeadvisory.com/
FANCLUB SPORTS CAPITAL,https://fanclubsports.co
TSAI CAPITAL CORPORATION,HTTP://WWW.TSAICAPITAL.COM
"EAST ROCK FINANCIAL SERVICES, LLC",HTTP://WWW.EASTROCKFINANCIAL.COM
RPD FUND MANAGEMENT LLC,http://www.rpdfund.com
TALKABOUTHEALTH DBA ADVIZMO,https://www.linkedin.com/company/106480808
CEDARGOLD CONSULTING INC.,HTTP://WWW.FINANCIALREPRESSIONAUTHORITY.COM
US INFRAVEST MANAGERS LP,https://www.linkedin.com/company/us-infravest/about/
SKY CREEK CAPITAL MANAGEMENT,http://www.skycreekcap.com
NASEEB,https://naseeb.io/
MARKETOCRACY CAPITAL MANAGEMENT LLC,HTTP://MCM.MARKETOCRACY.COM
"STEAMBOAT CAPITAL PARTNERS, LLC",HTTPS://WWW.LINKEDIN.COM/COMPANY/STEAMBOAT-CAPITAL-PARTNERS/
ELMIND CAPITAL LP,https://www.linkedin.com/company/elmind-capital/
QUANTUM GREEKS,https://www.quantumtrades.com
DARBY INTERNATIONAL CAPITAL,https://darbyinternational.com
MPFA INC.,http://www.gobenfi.com
STRATXAI,https://www.stratxai.com/
FINANCE FRIENDS,https://www.financefriends.org/
EARTHQUAKE,https://earth-quake.us/
ANTARA CAPITAL LP,https://www.linkedin.com/company/antara-capital-lp/
CRESCENT ADVISORY LLC,https://crescent.app
DRONA PARTNERS CAPITAL MANAGEMENT LLC,https://www.dronapartners.com/
EASTBAY CAPITAL,https://www.linkedin.com/company/eastbaycap/about/
ORASIS CAPITAL,HTTP://WWW.ORASIS-CAPITAL.COM/
"BLUE SKY WEALTH PARTNERS, LLC",https://www.youtube.com/channel/UCyhBFI82vhISk18SKznK9NQ
BEYOND INVESTING LLC,https://WWW.FACEBOOK.COM/BeyondInvesting
"GOLDEN JADE CAPITAL MANAGEMENT, LLC",HTTP://WWW.GOLDENJADEONLINE.COM
CHRISTMAS CORPORATION,https://www.linkedin.com/company/christmas-corporation
WEALTHGAP,http://www.ewealthgap.com
ARCH OTC LLC,http://www.arch.finance
OIA LTD,HTTP://WWW.OIALTD.COM
PMADVISERS,HTTP://WWW.PMADVISERS.NET
INSIGHT INVESTMENT RESEARCH,HTTPS://WWW.INSIGHTIR.COM
POLPO CAPITAL MANAGEMENT LLC,https://www.polpocapital.com/
FIDUCIARY ADVISOR ADVOCATES,HTTP://WWW.FAADVOCATES.COM
"INFINEDI PARTNERS, LP",https://www.linkedin.com/company/infinedi-partners-lp/
"DV CAPITAL MANAGEMENT, LLC",HTTP://WWW.DVCAPITALMANAGEMENT.COM
"CAMAC PARTNERS, LLC",HTTP://WWW.CAMACPARTNERS.COM
"ARTHEDGE CAPITAL MANAGEMENT, LLC",http://www.arthedgecapital.com
FIRST PRINCIPLES GROUP,https://www.FirstPrinciples.Group
"STONETREE CAPITAL ADVISORS, LLC",HTTPS://WWW.STONETREEMGT.COM
PERPETUITY,HTTPS://WWW.PERPETUITY.COM
OAK TREE ADVISORY SERVICES INC,HTTPS://WWW.OAKTREEMEDIATION.COM
"SOUTHPAW ASSET MANAGEMENT, LP",HTTP://WWW.SOUTHPAWASSETMANAGEMENT.COM
